name,url,level,school,castingTime,range,duration,verbal,somatic,material,concentration,ritual,source
Acid Splash,https://www.aidedd.org/spell/acid-splash,0,Evocation,Action,60 ft,Instantaneous,true,true,false,false,false,Player's Handbook 2024 (BR)
Aid,https://www.aidedd.org/spell/aid,2,Abjuration,Action,30 ft,8 hours,true,true,true,false,false,Player's Handbook 2024 (BR)
Alarm,https://www.aidedd.org/spell/alarm,1,Abjuration,1 minute or Ritual,30 ft,8 hours,true,true,true,false,true,Player's Handbook 2024 (BR)
Alter Self,https://www.aidedd.org/spell/alter-self,2,Transmutation,Action,Self,1 hour,true,true,false,true,false,Player's Handbook 2024 (BR)
Animal Friendship,https://www.aidedd.org/spell/animal-friendship,1,Enchantment,Action,30 ft,24 hours,true,true,true,false,false,Player's Handbook 2024 (BR)
Animal Messenger,https://www.aidedd.org/spell/animal-messenger,2,Enchantment,Action or Ritual,30 ft,24 hours,true,true,true,false,true,Player's Handbook 2024 (BR)
Animal Shapes,https://www.aidedd.org/spell/animal-shapes,8,Transmutation,Action,30 ft,24 hours,true,true,false,false,false,Player's Handbook 2024 (BR)
Animate Dead,https://www.aidedd.org/spell/animate-dead,3,Necromancy,1 minute,10 ft,Instantaneous,true,true,true,false,false,Player's Handbook 2024 (BR)
Animate Objects,https://www.aidedd.org/spell/animate-objects,5,Transmutation,Action,120 ft,1 minute,true,true,false,true,false,Player's Handbook 2024 (BR)
Antilife Shell,https://www.aidedd.org/spell/antilife-shell,5,Abjuration,Action,Self,1 hour,true,true,false,true,false,Player's Handbook 2024 (BR)
Antimagic Field,https://www.aidedd.org/spell/antimagic-field,8,Abjuration,Action,Self,1 hour,true,true,true,true,false,Player's Handbook 2024 (BR)
Antipathy/Sympathy,https://www.aidedd.org/spell/antipathy-sympathy,8,Enchantment,1 hour,60 ft,10 days,true,true,true,false,false,Player's Handbook 2024 (BR)
Arcane Eye,https://www.aidedd.org/spell/arcane-eye,4,Divination,Action,30 ft,1 hour,true,true,true,true,false,Player's Handbook 2024 (BR)
Arcane Gate,https://www.aidedd.org/spell/arcane-gate,6,Conjuration,Action,500 ft,10 minutes,true,true,false,true,false,Player's Handbook 2024
Arcane Lock,https://www.aidedd.org/spell/arcane-lock,2,Abjuration,Action,Touch,Dispelled,true,true,true,false,false,Player's Handbook 2024 (BR)
Arcane Vigor,https://www.aidedd.org/spell/arcane-vigor,2,Abjuration,Bonus Action,Self,Instantaneous,true,true,false,false,false,Player's Handbook 2024
Armor of Agathys,https://www.aidedd.org/spell/armor-of-agathys,1,Abjuration,Bonus Action,Self,1 hour,true,true,true,false,false,Player's Handbook 2024
Arms of Hadar,https://www.aidedd.org/spell/arms-of-hadar,1,Conjuration,Action,Self,Instantaneous,true,true,false,false,false,Player's Handbook 2024
Astral Projection,https://www.aidedd.org/spell/astral-projection,9,Necromancy,1 hour,10 ft,Dispelled,true,true,true,false,false,Player's Handbook 2024 (BR)
Augury,https://www.aidedd.org/spell/augury,2,Divination,1 minute or Ritual,Self,Instantaneous,true,true,true,false,true,Player's Handbook 2024 (BR)
Aura of Life,https://www.aidedd.org/spell/aura-of-life,4,Abjuration,Action,Self,10 minutes,true,false,false,true,false,Player's Handbook 2024 (BR)
Aura of Purity,https://www.aidedd.org/spell/aura-of-purity,4,Abjuration,Action,Self,10 minutes,true,false,false,true,false,Player's Handbook 2024
Aura of Vitality,https://www.aidedd.org/spell/aura-of-vitality,3,Abjuration,Action,Self,1 minute,true,false,false,true,false,Player's Handbook 2024
Awaken,https://www.aidedd.org/spell/awaken,5,Transmutation,8 hours,Touch,Instantaneous,true,true,true,false,false,Player's Handbook 2024 (BR)
Bane,https://www.aidedd.org/spell/bane,1,Enchantment,Action,30 ft,1 minute,true,true,true,true,false,Player's Handbook 2024 (BR)
Banishing Smite,https://www.aidedd.org/spell/banishing-smite,5,Conjuration,Bonus Action,Self,1 minute,true,false,false,true,false,Player's Handbook 2024
Banishment,https://www.aidedd.org/spell/banishment,4,Abjuration,Action,30 ft,1 minute,true,true,true,true,false,Player's Handbook 2024 (BR)
Barkskin,https://www.aidedd.org/spell/barkskin,2,Transmutation,Bonus Action,Touch,1 hour,true,true,true,false,false,Player's Handbook 2024 (BR)
Beacon of Hope,https://www.aidedd.org/spell/beacon-of-hope,3,Abjuration,Action,30 ft,1 minute,true,true,false,true,false,Player's Handbook 2024 (BR)
Beast Sense,https://www.aidedd.org/spell/beast-sense,2,Divination,Action or Ritual,Touch,1 hour,false,true,false,true,true,Player's Handbook 2024
Befuddlement,https://www.aidedd.org/spell/befuddlement,8,Enchantment,Action,150 ft,Instantaneous,true,true,true,false,false,Player's Handbook 2024 (BR)
Bestow Curse,https://www.aidedd.org/spell/bestow-curse,3,Necromancy,Action,Touch,1 minute,true,true,false,true,false,Player's Handbook 2024 (BR)
Bigby's Hand,https://www.aidedd.org/spell/bigby-s-hand,5,Evocation,Action,120 ft,1 minute,true,true,true,true,false,Player's Handbook 2024 (BR)
Blade Barrier,https://www.aidedd.org/spell/blade-barrier,6,Evocation,Action,90 ft,10 minutes,true,true,false,true,false,Player's Handbook 2024 (BR)
Blade Ward,https://www.aidedd.org/spell/blade-ward,0,Abjuration,Action,Self,1 minute,true,true,false,true,false,Player's Handbook 2024
Bless,https://www.aidedd.org/spell/bless,1,Enchantment,Action,30 ft,1 minute,true,true,true,true,false,Player's Handbook 2024 (BR)
Blight,https://www.aidedd.org/spell/blight,4,Necromancy,Action,30 ft,Instantaneous,true,true,false,false,false,Player's Handbook 2024 (BR)
Blinding Smite,https://www.aidedd.org/spell/blinding-smite,3,Evocation,Bonus Action,Self,1 minute,true,false,false,false,false,Player's Handbook 2024
Blindness/Deafness,https://www.aidedd.org/spell/blindness-deafness,2,Transmutation,Action,120 ft,1 minute,true,false,false,false,false,Player's Handbook 2024 (BR)
Blink,https://www.aidedd.org/spell/blink,3,Transmutation,Action,Self,1 minute,true,true,false,false,false,Player's Handbook 2024 (BR)
Blur,https://www.aidedd.org/spell/blur,2,Illusion,Action,Self,1 minute,true,false,false,true,false,Player's Handbook 2024 (BR)
Burning Hands,https://www.aidedd.org/spell/burning-hands,1,Evocation,Action,Self,Instantaneous,true,true,false,false,false,Player's Handbook 2024 (BR)
Call Lightning,https://www.aidedd.org/spell/call-lightning,3,Conjuration,Action,120 ft,10 minutes,true,true,false,true,false,Player's Handbook 2024 (BR)
Calm Emotions,https://www.aidedd.org/spell/calm-emotions,2,Enchantment,Action,60 ft,1 minute,true,true,false,true,false,Player's Handbook 2024 (BR)
Chain Lightning,https://www.aidedd.org/spell/chain-lightning,6,Evocation,Action,150 ft,Instantaneous,true,true,true,false,false,Player's Handbook 2024 (BR)
Charm Monster,https://www.aidedd.org/spell/charm-monster,4,Enchantment,Action,30 ft,1 hour,true,true,false,false,false,Player's Handbook 2024 (BR)
Charm Person,https://www.aidedd.org/spell/charm-person,1,Enchantment,Action,30 ft,1 hour,true,true,false,false,false,Player's Handbook 2024 (BR)
Chill Touch,https://www.aidedd.org/spell/chill-touch,0,Necromancy,Action,Touch,Instantaneous,true,true,false,false,false,Player's Handbook 2024 (BR)
Chromatic Orb,https://www.aidedd.org/spell/chromatic-orb,1,Evocation,Action,90 ft,Instantaneous,true,true,true,false,false,Player's Handbook 2024 (BR)
Circle of Death,https://www.aidedd.org/spell/circle-of-death,6,Necromancy,Action,150 ft,Instantaneous,true,true,true,false,false,Player's Handbook 2024 (BR)
Circle of Power,https://www.aidedd.org/spell/circle-of-power,5,Abjuration,Action,Self,10 minutes,true,false,false,true,false,Player's Handbook 2024
Clairvoyance,https://www.aidedd.org/spell/clairvoyance,3,Divination,10 minutes,1 mile,10 minutes,true,true,true,true,false,Player's Handbook 2024 (BR)
Clone,https://www.aidedd.org/spell/clone,8,Necromancy,1 hour,Touch,Instantaneous,true,true,true,false,false,Player's Handbook 2024 (BR)
Cloud of Daggers,https://www.aidedd.org/spell/cloud-of-daggers,2,Conjuration,Action,60 ft,1 minute,true,true,true,true,false,Player's Handbook 2024
Cloudkill,https://www.aidedd.org/spell/cloudkill,5,Conjuration,Action,120 ft,10 minutes,true,true,false,true,false,Player's Handbook 2024 (BR)
Color Spray,https://www.aidedd.org/spell/color-spray,1,Illusion,Action,Self,Instantaneous,true,true,true,false,false,Player's Handbook 2024 (BR)
Command,https://www.aidedd.org/spell/command,1,Enchantment,Action,60 ft,Instantaneous,true,false,false,false,false,Player's Handbook 2024 (BR)
Commune,https://www.aidedd.org/spell/commune,5,Divination,1 minute or Ritual,Self,1 minute,true,true,true,false,true,Player's Handbook 2024 (BR)
Commune with Nature,https://www.aidedd.org/spell/commune-with-nature,5,Divination,1 minute or Ritual,Self,Instantaneous,true,true,false,false,true,Player's Handbook 2024 (BR)
Compelled Duel,https://www.aidedd.org/spell/compelled-duel,1,Enchantment,Bonus Action,30 ft,1 minute,true,false,false,true,false,Player's Handbook 2024
Comprehend Languages,https://www.aidedd.org/spell/comprehend-languages,1,Divination,Action or Ritual,Self,1 hour,true,true,true,false,true,Player's Handbook 2024 (BR)
Compulsion,https://www.aidedd.org/spell/compulsion,4,Enchantment,Action,30 ft,1 minute,true,true,false,true,false,Player's Handbook 2024 (BR)
Cone of Cold,https://www.aidedd.org/spell/cone-of-cold,5,Evocation,Action,Self,Instantaneous,true,true,true,false,false,Player's Handbook 2024 (BR)
Confusion,https://www.aidedd.org/spell/confusion,4,Enchantment,Action,90 ft,1 minute,true,true,true,true,false,Player's Handbook 2024 (BR)
Conjure Animals,https://www.aidedd.org/spell/conjure-animals,3,Conjuration,Action,60 ft,10 minutes,true,true,false,true,false,Player's Handbook 2024 (BR)
Conjure Barrage,https://www.aidedd.org/spell/conjure-barrage,3,Conjuration,Action,Self,Instantaneous,true,true,true,false,false,Player's Handbook 2024
Conjure Celestial,https://www.aidedd.org/spell/conjure-celestial,7,Conjuration,Action,90 ft,10 minutes,true,true,false,true,false,Player's Handbook 2024 (BR)
Conjure Elemental,https://www.aidedd.org/spell/conjure-elemental,5,Conjuration,Action,60 ft,10 minutes,true,true,false,true,false,Player's Handbook 2024 (BR)
Conjure Fey,https://www.aidedd.org/spell/conjure-fey,6,Conjuration,Action,60 ft,10 minutes,true,true,false,true,false,Player's Handbook 2024 (BR)
Conjure Minor Elementals,https://www.aidedd.org/spell/conjure-minor-elementals,4,Conjuration,Action,Self,10 minutes,true,true,false,true,false,Player's Handbook 2024 (BR)
Conjure Volley,https://www.aidedd.org/spell/conjure-volley,5,Conjuration,Action,150 ft,Instantaneous,true,true,true,false,false,Player's Handbook 2024
Conjure Woodland Beings,https://www.aidedd.org/spell/conjure-woodland-beings,4,Conjuration,Action,Self,10 minutes,true,true,false,true,false,Player's Handbook 2024 (BR)
Contact Other Plane,https://www.aidedd.org/spell/contact-other-plane,5,Divination,1 minute or Ritual,Self,1 minute,true,false,false,false,true,Player's Handbook 2024 (BR)
Contagion,https://www.aidedd.org/spell/contagion,5,Necromancy,Action,Touch,7 days,true,true,false,false,false,Player's Handbook 2024 (BR)
Contingency,https://www.aidedd.org/spell/contingency,6,Abjuration,10 minutes,Self,10 days,true,true,true,false,false,Player's Handbook 2024 (BR)
Continual Flame,https://www.aidedd.org/spell/continual-flame,2,Evocation,Action,Touch,Dispelled,true,true,true,false,false,Player's Handbook 2024 (BR)
Control Water,https://www.aidedd.org/spell/control-water,4,Transmutation,Action,300 ft,10 minutes,true,true,true,true,false,Player's Handbook 2024 (BR)
Control Weather,https://www.aidedd.org/spell/control-weather,8,Transmutation,10 minutes,Self,8 hours,true,true,true,true,false,Player's Handbook 2024 (BR)
Cordon of Arrows,https://www.aidedd.org/spell/cordon-of-arrows,2,Transmutation,Action,Touch,8 hours,true,true,true,false,false,Player's Handbook 2024
Counterspell,https://www.aidedd.org/spell/counterspell,3,Abjuration,Reaction,60 ft,Instantaneous,false,true,false,false,false,Player's Handbook 2024 (BR)
Create Food and Water,https://www.aidedd.org/spell/create-food-and-water,3,Conjuration,Action,30 ft,Instantaneous,true,true,false,false,false,Player's Handbook 2024 (BR)
Create or Destroy Water,https://www.aidedd.org/spell/create-or-destroy-water,1,Transmutation,Action,30 ft,Instantaneous,true,true,true,false,false,Player's Handbook 2024 (BR)
Create Undead,https://www.aidedd.org/spell/create-undead,6,Necromancy,1 minute,10 ft,Instantaneous,true,true,true,false,false,Player's Handbook 2024 (BR)
Creation,https://www.aidedd.org/spell/creation,5,Illusion,1 minute,30 ft,Special,true,true,true,false,false,Player's Handbook 2024 (BR)
Crown of Madness,https://www.aidedd.org/spell/crown-of-madness,2,Enchantment,Action,120 ft,1 minute,true,true,false,true,false,Player's Handbook 2024
Crusader's Mantle,https://www.aidedd.org/spell/crusader-s-mantle,3,Evocation,Action,Self,1 minute,true,false,false,true,false,Player's Handbook 2024
Cure Wounds,https://www.aidedd.org/spell/cure-wounds,1,Abjuration,Action,Touch,Instantaneous,true,true,false,false,false,Player's Handbook 2024 (BR)
Dancing Lights,https://www.aidedd.org/spell/dancing-lights,0,Illusion,Action,120 ft,1 minute,true,true,true,true,false,Player's Handbook 2024 (BR)
Darkness,https://www.aidedd.org/spell/darkness,2,Evocation,Action,60 ft,10 minutes,true,false,true,true,false,Player's Handbook 2024 (BR)
Darkvision,https://www.aidedd.org/spell/darkvision,2,Transmutation,Action,Touch,8 hours,true,true,true,false,false,Player's Handbook 2024 (BR)
Daylight,https://www.aidedd.org/spell/daylight,3,Evocation,Action,60 ft,1 hour,true,true,false,false,false,Player's Handbook 2024 (BR)
Death Ward,https://www.aidedd.org/spell/death-ward,4,Abjuration,Action,Touch,8 hours,true,true,false,false,false,Player's Handbook 2024 (BR)
Delayed Blast Fireball,https://www.aidedd.org/spell/delayed-blast-fireball,7,Evocation,Action,150 ft,1 minute,true,true,true,true,false,Player's Handbook 2024 (BR)
Demiplane,https://www.aidedd.org/spell/demiplane,8,Conjuration,Action,60 ft,1 hour,false,true,false,false,false,Player's Handbook 2024 (BR)
Destructive Wave,https://www.aidedd.org/spell/destructive-wave,5,Evocation,Action,Self,Instantaneous,true,false,false,false,false,Player's Handbook 2024
Detect Evil and Good,https://www.aidedd.org/spell/detect-evil-and-good,1,Divination,Action,Self,10 minutes,true,true,false,true,false,Player's Handbook 2024 (BR)
Detect Magic,https://www.aidedd.org/spell/detect-magic,1,Divination,Action or Ritual,Self,10 minutes,true,true,false,true,true,Player's Handbook 2024 (BR)
Detect Poison and Disease,https://www.aidedd.org/spell/detect-poison-and-disease,1,Divination,Action or Ritual,Self,10 minutes,true,true,true,true,true,Player's Handbook 2024 (BR)
Detect Thoughts,https://www.aidedd.org/spell/detect-thoughts,2,Divination,Action,Self,1 minute,true,true,true,true,false,Player's Handbook 2024 (BR)
Dimension Door,https://www.aidedd.org/spell/dimension-door,4,Conjuration,Action,500 ft,Instantaneous,true,false,false,false,false,Player's Handbook 2024 (BR)
Disguise Self,https://www.aidedd.org/spell/disguise-self,1,Illusion,Action,Self,1 hour,true,true,false,false,false,Player's Handbook 2024 (BR)
Disintegrate,https://www.aidedd.org/spell/disintegrate,6,Transmutation,Action,60 ft,Instantaneous,true,true,true,false,false,Player's Handbook 2024 (BR)
Dispel Evil and Good,https://www.aidedd.org/spell/dispel-evil-and-good,5,Abjuration,Action,Self,1 minute,true,true,true,true,false,Player's Handbook 2024 (BR)
Dispel Magic,https://www.aidedd.org/spell/dispel-magic,3,Abjuration,Action,120 ft,Instantaneous,true,true,false,false,false,Player's Handbook 2024 (BR)
Dissonant Whispers,https://www.aidedd.org/spell/dissonant-whispers,1,Enchantment,Action,60 ft,Instantaneous,true,false,false,false,false,Player's Handbook 2024 (BR)
Divination,https://www.aidedd.org/spell/divination,4,Divination,Action or Ritual,Self,Instantaneous,true,true,true,false,true,Player's Handbook 2024 (BR)
Divine Favor,https://www.aidedd.org/spell/divine-favor,1,Transmutation,Bonus Action,Self,1 minute,true,true,false,false,false,Player's Handbook 2024 (BR)
Divine Smite,https://www.aidedd.org/spell/divine-smite,1,Evocation,Bonus Action,Self,Instantaneous,true,false,false,false,false,Player's Handbook 2024 (BR)
Divine Word,https://www.aidedd.org/spell/divine-word,7,Evocation,Bonus Action,30 ft,Instantaneous,true,false,false,false,false,Player's Handbook 2024 (BR)
Dominate Beast,https://www.aidedd.org/spell/dominate-beast,4,Enchantment,Action,60 ft,1 minute,true,true,false,true,false,Player's Handbook 2024 (BR)
Dominate Monster,https://www.aidedd.org/spell/dominate-monster,8,Enchantment,Action,60 ft,1 hour,true,true,false,true,false,Player's Handbook 2024 (BR)
Dominate Person,https://www.aidedd.org/spell/dominate-person,5,Enchantment,Action,60 ft,1 minute,true,true,false,true,false,Player's Handbook 2024 (BR)
Dragon's Breath,https://www.aidedd.org/spell/dragon-s-breath,2,Transmutation,Bonus Action,Touch,1 minute,true,true,true,true,false,Player's Handbook 2024 (BR)
Drawmij's Instant Summons,https://www.aidedd.org/spell/drawmij-s-instant-summons,6,Conjuration,1 minute or Ritual,Touch,Dispelled,true,true,true,false,true,Player's Handbook 2024 (BR)
Dream,https://www.aidedd.org/spell/dream,5,Illusion,1 minute,Special,8 hours,true,true,true,false,false,Player's Handbook 2024 (BR)
Druidcraft,https://www.aidedd.org/spell/druidcraft,0,Transmutation,Action,30 ft,Instantaneous,true,true,false,false,false,Player's Handbook 2024 (BR)
Earthquake,https://www.aidedd.org/spell/earthquake,8,Transmutation,Action,500 ft,1 minute,true,true,true,true,false,Player's Handbook 2024 (BR)
Eldritch Blast,https://www.aidedd.org/spell/eldritch-blast,0,Evocation,Action,120 ft,Instantaneous,true,true,false,false,false,Player's Handbook 2024 (BR)
Elemental Weapon,https://www.aidedd.org/spell/elemental-weapon,3,Transmutation,Action,Touch,1 hour,true,true,false,true,false,Player's Handbook 2024
Elementalism,https://www.aidedd.org/spell/elementalism,0,Transmutation,Action,30 ft,Instantaneous,true,true,false,false,false,Player's Handbook 2024 (BR)
Enhance Ability,https://www.aidedd.org/spell/enhance-ability,2,Transmutation,Action,Touch,1 hour,true,true,true,true,false,Player's Handbook 2024 (BR)
Enlarge/Reduce,https://www.aidedd.org/spell/enlarge-reduce,2,Transmutation,Action,30 ft,1 minute,true,true,true,true,false,Player's Handbook 2024 (BR)
Ensnaring Strike,https://www.aidedd.org/spell/ensnaring-strike,1,Conjuration,Bonus Action,Self,1 minute,true,false,false,true,false,Player's Handbook 2024 (BR)
Entangle,https://www.aidedd.org/spell/entangle,1,Conjuration,Action,90 ft,1 minute,true,true,false,true,false,Player's Handbook 2024 (BR)
Enthrall,https://www.aidedd.org/spell/enthrall,2,Enchantment,Action,60 ft,1 minute,true,true,false,true,false,Player's Handbook 2024 (BR)
Etherealness,https://www.aidedd.org/spell/etherealness,7,Conjuration,Action,Self,8 hours,true,true,false,false,false,Player's Handbook 2024 (BR)
Evard's Black Tentacles,https://www.aidedd.org/spell/evard-s-black-tentacles,4,Conjuration,Action,90 ft,1 minute,true,true,true,true,false,Player's Handbook 2024 (BR)
Expeditious Retreat,https://www.aidedd.org/spell/expeditious-retreat,1,Transmutation,Bonus Action,Self,10 minutes,true,true,false,true,false,Player's Handbook 2024 (BR)
Eyebite,https://www.aidedd.org/spell/eyebite,6,Necromancy,Action,Self,1 minute,true,true,false,true,false,Player's Handbook 2024 (BR)
Fabricate,https://www.aidedd.org/spell/fabricate,4,Transmutation,10 minutes,120 ft,Instantaneous,true,true,false,false,false,Player's Handbook 2024 (BR)
Faerie Fire,https://www.aidedd.org/spell/faerie-fire,1,Evocation,Action,60 ft,1 minute,true,false,false,true,false,Player's Handbook 2024 (BR)
False Life,https://www.aidedd.org/spell/false-life,1,Necromancy,Action,Self,Instantaneous,true,true,true,false,false,Player's Handbook 2024 (BR)
Fear,https://www.aidedd.org/spell/fear,3,Illusion,Action,Self,1 minute,true,true,true,true,false,Player's Handbook 2024 (BR)
Feather Fall,https://www.aidedd.org/spell/feather-fall,1,Transmutation,Reaction,60 ft,1 minute,true,false,true,false,false,Player's Handbook 2024 (BR)
Feign Death,https://www.aidedd.org/spell/feign-death,3,Necromancy,Action or Ritual,Touch,1 hour,true,true,true,false,true,Player's Handbook 2024
Find Familiar,https://www.aidedd.org/spell/find-familiar,1,Conjuration,1 hour or Ritual,10 ft,Instantaneous,true,true,true,false,true,Player's Handbook 2024 (BR)
Find Steed,https://www.aidedd.org/spell/find-steed,2,Conjuration,Action,30 ft,Instantaneous,true,true,false,false,false,Player's Handbook 2024 (BR)
Find the Path,https://www.aidedd.org/spell/find-the-path,6,Divination,1 minute,Self,1 day,true,true,true,true,false,Player's Handbook 2024 (BR)
Find Traps,https://www.aidedd.org/spell/find-traps,2,Divination,Action,120 ft,Instantaneous,true,true,false,false,false,Player's Handbook 2024 (BR)
Finger of Death,https://www.aidedd.org/spell/finger-of-death,7,Necromancy,Action,60 ft,Instantaneous,true,true,false,false,false,Player's Handbook 2024 (BR)
Fire Bolt,https://www.aidedd.org/spell/fire-bolt,0,Evocation,Action,120 ft,Instantaneous,true,true,false,false,false,Player's Handbook 2024 (BR)
Fire Shield,https://www.aidedd.org/spell/fire-shield,4,Evocation,Action,Self,10 minutes,true,true,true,false,false,Player's Handbook 2024 (BR)
Fire Storm,https://www.aidedd.org/spell/fire-storm,7,Evocation,Action,150 ft,Instantaneous,true,true,false,false,false,Player's Handbook 2024 (BR)
Fireball,https://www.aidedd.org/spell/fireball,3,Evocation,Action,150 ft,Instantaneous,true,true,true,false,false,Player's Handbook 2024 (BR)
Flame Blade,https://www.aidedd.org/spell/flame-blade,2,Evocation,Bonus Action,Self,10 minutes,true,true,true,true,false,Player's Handbook 2024 (BR)
Flame Strike,https://www.aidedd.org/spell/flame-strike,5,Evocation,Action,60 ft,Instantaneous,true,true,true,false,false,Player's Handbook 2024 (BR)
Flaming Sphere,https://www.aidedd.org/spell/flaming-sphere,2,Conjuration,Action,60 ft,1 minute,true,true,true,true,false,Player's Handbook 2024 (BR)
Flesh to Stone,https://www.aidedd.org/spell/flesh-to-stone,6,Transmutation,Action,60 ft,1 minute,true,true,true,true,false,Player's Handbook 2024 (BR)
Fly,https://www.aidedd.org/spell/fly,3,Transmutation,Action,Touch,10 minutes,true,true,true,true,false,Player's Handbook 2024 (BR)
Fog Cloud,https://www.aidedd.org/spell/fog-cloud,1,Conjuration,Action,120 ft,1 hour,true,true,false,true,false,Player's Handbook 2024 (BR)
Forbiddance,https://www.aidedd.org/spell/forbiddance,6,Abjuration,10 minutes or Ritual,Touch,1 day,true,true,true,false,true,Player's Handbook 2024 (BR)
Forcecage,https://www.aidedd.org/spell/forcecage,7,Evocation,Action,100 ft,1 hour,true,true,true,true,false,Player's Handbook 2024 (BR)
Foresight,https://www.aidedd.org/spell/foresight,9,Divination,1 minute,Touch,8 hours,true,true,true,false,false,Player's Handbook 2024 (BR)
Fount of Moonlight,https://www.aidedd.org/spell/fount-of-moonlight,4,Evocation,Action,Self,10 minutes,true,true,false,true,false,Player's Handbook 2024
Freedom of Movement,https://www.aidedd.org/spell/freedom-of-movement,4,Abjuration,Action,Touch,1 hour,true,true,true,false,false,Player's Handbook 2024 (BR)
Friends,https://www.aidedd.org/spell/friends,0,Enchantment,Action,10 ft,1 minute,false,true,true,true,false,Player's Handbook 2024
Gaseous Form,https://www.aidedd.org/spell/gaseous-form,3,Transmutation,Action,Touch,1 hour,true,true,true,true,false,Player's Handbook 2024 (BR)
Gate,https://www.aidedd.org/spell/gate,9,Conjuration,Action,60 ft,1 minute,true,true,true,true,false,Player's Handbook 2024 (BR)
Geas,https://www.aidedd.org/spell/geas,5,Enchantment,1 minute,60 ft,30 days,true,false,false,false,false,Player's Handbook 2024 (BR)
Gentle Repose,https://www.aidedd.org/spell/gentle-repose,2,Necromancy,Action or Ritual,Touch,10 days,true,true,true,false,true,Player's Handbook 2024 (BR)
Giant Insect,https://www.aidedd.org/spell/giant-insect,4,Conjuration,Action,60 ft,10 minutes,true,true,false,true,false,Player's Handbook 2024 (BR)
Glibness,https://www.aidedd.org/spell/glibness,8,Enchantment,Action,Self,1 hour,true,false,false,false,false,Player's Handbook 2024 (BR)
Globe of Invulnerability,https://www.aidedd.org/spell/globe-of-invulnerability,6,Abjuration,Action,Self,1 minute,true,true,true,true,false,Player's Handbook 2024 (BR)
Glyph of Warding,https://www.aidedd.org/spell/glyph-of-warding,3,Abjuration,1 hour,Touch,Dispelled/Triggered,true,true,true,false,false,Player's Handbook 2024 (BR)
Goodberry,https://www.aidedd.org/spell/goodberry,1,Conjuration,Action,Self,24 hours,true,true,true,false,false,Player's Handbook 2024 (BR)
Grasping Vine,https://www.aidedd.org/spell/grasping-vine,4,Conjuration,Bonus Action,60 ft,1 minute,true,true,false,true,false,Player's Handbook 2024
Grease,https://www.aidedd.org/spell/grease,1,Conjuration,Action,60 ft,1 minute,true,true,true,false,false,Player's Handbook 2024 (BR)
Greater Invisibility,https://www.aidedd.org/spell/greater-invisibility,4,Illusion,Action,Touch,1 minute,true,true,false,true,false,Player's Handbook 2024 (BR)
Greater Restoration,https://www.aidedd.org/spell/greater-restoration,5,Abjuration,Action,Touch,Instantaneous,true,true,true,false,false,Player's Handbook 2024 (BR)
Guardian of Faith,https://www.aidedd.org/spell/guardian-of-faith,4,Conjuration,Action,30 ft,8 hours,true,false,false,false,false,Player's Handbook 2024 (BR)
Guards and Wards,https://www.aidedd.org/spell/guards-and-wards,6,Abjuration,1 hour,Touch,24 hours,true,true,true,false,false,Player's Handbook 2024 (BR)
Guidance,https://www.aidedd.org/spell/guidance,0,Divination,Action,Touch,1 minute,true,true,false,true,false,Player's Handbook 2024 (BR)
Guiding Bolt,https://www.aidedd.org/spell/guiding-bolt,1,Evocation,Action,120 ft,1 round,true,true,false,false,false,Player's Handbook 2024 (BR)
Gust of Wind,https://www.aidedd.org/spell/gust-of-wind,2,Evocation,Action,Self,1 minute,true,true,true,true,false,Player's Handbook 2024 (BR)
Hail of Thorns,https://www.aidedd.org/spell/hail-of-thorns,1,Conjuration,Bonus Action,Self,Instantaneous,true,false,false,false,false,Player's Handbook 2024
Hallow,https://www.aidedd.org/spell/hallow,5,Abjuration,24 hours,Touch,Dispelled,true,true,true,false,false,Player's Handbook 2024 (BR)
Hallucinatory Terrain,https://www.aidedd.org/spell/hallucinatory-terrain,4,Illusion,10 minutes,300 ft,24 hours,true,true,true,false,false,Player's Handbook 2024 (BR)
Harm,https://www.aidedd.org/spell/harm,6,Necromancy,Action,60 ft,Instantaneous,true,true,false,false,false,Player's Handbook 2024 (BR)
Haste,https://www.aidedd.org/spell/haste,3,Transmutation,Action,30 ft,1 minute,true,true,true,true,false,Player's Handbook 2024 (BR)
Heal,https://www.aidedd.org/spell/heal,6,Abjuration,Action,60 ft,Instantaneous,true,true,false,false,false,Player's Handbook 2024 (BR)
Healing Word,https://www.aidedd.org/spell/healing-word,1,Abjuration,Bonus Action,60 ft,Instantaneous,true,false,false,false,false,Player's Handbook 2024 (BR)
Heat Metal,https://www.aidedd.org/spell/heat-metal,2,Transmutation,Action,60 ft,1 minute,true,true,true,true,false,Player's Handbook 2024 (BR)
Hellish Rebuke,https://www.aidedd.org/spell/hellish-rebuke,1,Evocation,Reaction,60 ft,Instantaneous,true,true,false,false,false,Player's Handbook 2024 (BR)
Heroes' Feast,https://www.aidedd.org/spell/heroes--feast,6,Conjuration,10 minutes,Self,Instantaneous,true,true,true,false,false,Player's Handbook 2024 (BR)
Heroism,https://www.aidedd.org/spell/heroism,1,Enchantment,Action,Touch,1 minute,true,true,false,true,false,Player's Handbook 2024 (BR)
Hex,https://www.aidedd.org/spell/hex,1,Enchantment,Bonus Action,90 ft,1 hour,true,true,true,true,false,Player's Handbook 2024 (BR)
Hold Monster,https://www.aidedd.org/spell/hold-monster,5,Enchantment,Action,90 ft,1 minute,true,true,true,true,false,Player's Handbook 2024 (BR)
Hold Person,https://www.aidedd.org/spell/hold-person,2,Enchantment,Action,60 ft,1 minute,true,true,true,true,false,Player's Handbook 2024 (BR)
Holy Aura,https://www.aidedd.org/spell/holy-aura,8,Abjuration,Action,Self,1 minute,true,true,true,true,false,Player's Handbook 2024 (BR)
Hunger of Hadar,https://www.aidedd.org/spell/hunger-of-hadar,3,Conjuration,Action,150 ft,1 minute,true,true,true,true,false,Player's Handbook 2024
Hunter's Mark,https://www.aidedd.org/spell/hunter-s-mark,1,Divination,Bonus Action,90 ft,1 hour,true,false,false,true,false,Player's Handbook 2024 (BR)
Hypnotic Pattern,https://www.aidedd.org/spell/hypnotic-pattern,3,Illusion,Action,120 ft,1 minute,false,true,true,true,false,Player's Handbook 2024 (BR)
Ice Knife,https://www.aidedd.org/spell/ice-knife,1,Conjuration,Action,60 ft,Instantaneous,false,true,true,false,false,Player's Handbook 2024 (BR)
Ice Storm,https://www.aidedd.org/spell/ice-storm,4,Evocation,Action,300 ft,Instantaneous,true,true,true,false,false,Player's Handbook 2024 (BR)
Identify,https://www.aidedd.org/spell/identify,1,Divination,1 minute or Ritual,Touch,Instantaneous,true,true,true,false,true,Player's Handbook 2024 (BR)
Illusory Script,https://www.aidedd.org/spell/illusory-script,1,Illusion,1 minute or Ritual,Touch,10 days,false,true,true,false,true,Player's Handbook 2024 (BR)
Imprisonment,https://www.aidedd.org/spell/imprisonment,9,Abjuration,1 minute,30 ft,Dispelled,true,true,true,false,false,Player's Handbook 2024 (BR)
Incendiary Cloud,https://www.aidedd.org/spell/incendiary-cloud,8,Conjuration,Action,150 ft,1 minute,true,true,false,true,false,Player's Handbook 2024 (BR)
Inflict Wounds,https://www.aidedd.org/spell/inflict-wounds,1,Necromancy,Action,Touch,Instantaneous,true,true,false,false,false,Player's Handbook 2024 (BR)
Insect Plague,https://www.aidedd.org/spell/insect-plague,5,Conjuration,Action,300 ft,10 minutes,true,true,true,true,false,Player's Handbook 2024 (BR)
Invisibility,https://www.aidedd.org/spell/invisibility,2,Illusion,Action,Touch,1 hour,true,true,true,true,false,Player's Handbook 2024 (BR)
Jallarzi's Storm of Radiance,https://www.aidedd.org/spell/jallarzi-s-storm-of-radiance,5,Evocation,Action,120 ft,1 minute,true,true,true,true,false,Player's Handbook 2024
Jump,https://www.aidedd.org/spell/jump,1,Transmutation,Bonus Action,Touch,1 minute,true,true,true,false,false,Player's Handbook 2024 (BR)
Knock,https://www.aidedd.org/spell/knock,2,Transmutation,Action,60 ft,Instantaneous,true,false,false,false,false,Player's Handbook 2024 (BR)
Legend Lore,https://www.aidedd.org/spell/legend-lore,5,Divination,10 minutes,Self,Instantaneous,true,true,true,false,false,Player's Handbook 2024 (BR)
Leomund's Secret Chest,https://www.aidedd.org/spell/leomund-s-secret-chest,4,Conjuration,Action,Touch,Instantaneous,true,true,true,false,false,Player's Handbook 2024 (BR)
Leomund's Tiny Hut,https://www.aidedd.org/spell/leomund-s-tiny-hut,3,Evocation,1 minute or Ritual,Self,8 hours,true,true,true,false,true,Player's Handbook 2024 (BR)
Lesser Restoration,https://www.aidedd.org/spell/lesser-restoration,2,Abjuration,Bonus Action,Touch,Instantaneous,true,true,false,false,false,Player's Handbook 2024 (BR)
Levitate,https://www.aidedd.org/spell/levitate,2,Transmutation,Action,60 ft,10 minutes,true,true,true,true,false,Player's Handbook 2024 (BR)
Light,https://www.aidedd.org/spell/light,0,Evocation,Action,Touch,1 hour,true,false,true,false,false,Player's Handbook 2024 (BR)
Lightning Arrow,https://www.aidedd.org/spell/lightning-arrow,3,Transmutation,Bonus Action,Self,Instantaneous,true,true,false,false,false,Player's Handbook 2024
Lightning Bolt,https://www.aidedd.org/spell/lightning-bolt,3,Evocation,Action,Self,Instantaneous,true,true,true,false,false,Player's Handbook 2024 (BR)
Locate Animals or Plants,https://www.aidedd.org/spell/locate-animals-or-plants,2,Divination,Action or Ritual,Self,Instantaneous,true,true,true,false,true,Player's Handbook 2024 (BR)
Locate Creature,https://www.aidedd.org/spell/locate-creature,4,Divination,Action,Self,1 hour,true,true,true,true,false,Player's Handbook 2024 (BR)
Locate Object,https://www.aidedd.org/spell/locate-object,2,Divination,Action,Self,10 minutes,true,true,true,true,false,Player's Handbook 2024 (BR)
Longstrider,https://www.aidedd.org/spell/longstrider,1,Transmutation,Action,Touch,1 hour,true,true,true,false,false,Player's Handbook 2024 (BR)
Mage Armor,https://www.aidedd.org/spell/mage-armor,1,Abjuration,Action,Touch,8 hours,true,true,true,false,false,Player's Handbook 2024 (BR)
Mage Hand,https://www.aidedd.org/spell/mage-hand,0,Conjuration,Action,30 ft,1 minute,true,true,false,false,false,Player's Handbook 2024 (BR)
Magic Circle,https://www.aidedd.org/spell/magic-circle,3,Abjuration,1 minute,10 ft,1 hour,true,true,true,false,false,Player's Handbook 2024 (BR)
Magic Jar,https://www.aidedd.org/spell/magic-jar,6,Necromancy,1 minute,Self,Dispelled,true,true,true,false,false,Player's Handbook 2024 (BR)
Magic Missile,https://www.aidedd.org/spell/magic-missile,1,Evocation,Action,120 ft,Instantaneous,true,true,false,false,false,Player's Handbook 2024 (BR)
Magic Mouth,https://www.aidedd.org/spell/magic-mouth,2,Illusion,1 minute or Ritual,30 ft,Dispelled,true,true,true,false,true,Player's Handbook 2024 (BR)
Magic Weapon,https://www.aidedd.org/spell/magic-weapon,2,Transmutation,Bonus Action,Touch,1 hour,true,true,false,false,false,Player's Handbook 2024 (BR)
Major Image,https://www.aidedd.org/spell/major-image,3,Illusion,Action,120 ft,10 minutes,true,true,true,true,false,Player's Handbook 2024 (BR)
Mass Cure Wounds,https://www.aidedd.org/spell/mass-cure-wounds,5,Abjuration,Action,60 ft,Instantaneous,true,true,false,false,false,Player's Handbook 2024 (BR)
Mass Heal,https://www.aidedd.org/spell/mass-heal,9,Abjuration,Action,60 ft,Instantaneous,true,true,false,false,false,Player's Handbook 2024 (BR)
Mass Healing Word,https://www.aidedd.org/spell/mass-healing-word,3,Abjuration,Bonus Action,60 ft,Instantaneous,true,false,false,false,false,Player's Handbook 2024 (BR)
Mass Suggestion,https://www.aidedd.org/spell/mass-suggestion,6,Enchantment,Action,60 ft,24 hours,true,false,true,false,false,Player's Handbook 2024 (BR)
Maze,https://www.aidedd.org/spell/maze,8,Conjuration,Action,60 ft,10 minutes,true,true,false,true,false,Player's Handbook 2024 (BR)
Meld into Stone,https://www.aidedd.org/spell/meld-into-stone,3,Transmutation,Action or Ritual,Touch,8 hours,true,true,false,false,true,Player's Handbook 2024 (BR)
Melf's Acid Arrow,https://www.aidedd.org/spell/melf-s-acid-arrow,2,Evocation,Action,90 ft,Instantaneous,true,true,true,false,false,Player's Handbook 2024 (BR)
Mending,https://www.aidedd.org/spell/mending,0,Transmutation,1 minute,Touch,Instantaneous,true,true,true,false,false,Player's Handbook 2024 (BR)
Message,https://www.aidedd.org/spell/message,0,Transmutation,Action,120 ft,1 round,false,true,true,false,false,Player's Handbook 2024 (BR)
Meteor Swarm,https://www.aidedd.org/spell/meteor-swarm,9,Evocation,Action,1 mile,Instantaneous,true,true,false,false,false,Player's Handbook 2024 (BR)
Mind Blank,https://www.aidedd.org/spell/mind-blank,8,Abjuration,Action,Touch,24 hours,true,true,false,false,false,Player's Handbook 2024 (BR)
Mind Sliver,https://www.aidedd.org/spell/mind-sliver,0,Enchantment,Action,60 ft,1 round,true,false,false,false,false,Player's Handbook 2024
Mind Spike,https://www.aidedd.org/spell/mind-spike,2,Divination,Action,120 ft,1 hour,false,true,false,true,false,Player's Handbook 2024 (BR)
Minor Illusion,https://www.aidedd.org/spell/minor-illusion,0,Illusion,Action,30 ft,1 minute,false,true,true,false,false,Player's Handbook 2024 (BR)
Mirage Arcane,https://www.aidedd.org/spell/mirage-arcane,7,Illusion,10 minutes,Sight,10 days,true,true,false,false,false,Player's Handbook 2024 (BR)
Mirror Image,https://www.aidedd.org/spell/mirror-image,2,Illusion,Action,Self,1 minute,true,true,false,false,false,Player's Handbook 2024 (BR)
Mislead,https://www.aidedd.org/spell/mislead,5,Illusion,Action,Self,1 hour,false,true,false,true,false,Player's Handbook 2024 (BR)
Misty Step,https://www.aidedd.org/spell/misty-step,2,Conjuration,Bonus Action,Self,Instantaneous,true,false,false,false,false,Player's Handbook 2024 (BR)
Modify Memory,https://www.aidedd.org/spell/modify-memory,5,Enchantment,Action,30 ft,1 minute,true,true,false,true,false,Player's Handbook 2024 (BR)
Moonbeam,https://www.aidedd.org/spell/moonbeam,2,Evocation,Action,120 ft,1 minute,true,true,true,true,false,Player's Handbook 2024 (BR)
Mordenkainen's Faithful Hound,https://www.aidedd.org/spell/mordenkainen-s-faithful-hound,4,Conjuration,Action,30 ft,8 hours,true,true,true,false,false,Player's Handbook 2024 (BR)
Mordenkainen's Magnificent Mansion,https://www.aidedd.org/spell/mordenkainen-s-magnificent-mansion,7,Conjuration,1 minute,300 ft,24 hours,true,true,true,false,false,Player's Handbook 2024 (BR)
Mordenkainen's Private Sanctum,https://www.aidedd.org/spell/mordenkainen-s-private-sanctum,4,Abjuration,10 minutes,120 ft,24 hours,true,true,true,false,false,Player's Handbook 2024 (BR)
Mordenkainen's Sword,https://www.aidedd.org/spell/mordenkainen-s-sword,7,Evocation,Action,90 ft,1 minute,true,true,true,true,false,Player's Handbook 2024 (BR)
Move Earth,https://www.aidedd.org/spell/move-earth,6,Transmutation,Action,120 ft,2 hours,true,true,true,true,false,Player's Handbook 2024 (BR)
Nondetection,https://www.aidedd.org/spell/nondetection,3,Abjuration,Action,Touch,8 hours,true,true,true,false,false,Player's Handbook 2024 (BR)
Nystul's Magic Aura,https://www.aidedd.org/spell/nystul-s-magic-aura,2,Illusion,Action,Touch,24 hours,true,true,true,false,false,Player's Handbook 2024 (BR)
Otiluke's Freezing Sphere,https://www.aidedd.org/spell/otiluke-s-freezing-sphere,6,Evocation,Action,300 ft,Instantaneous,true,true,true,false,false,Player's Handbook 2024 (BR)
Otiluke's Resilient Sphere,https://www.aidedd.org/spell/otiluke-s-resilient-sphere,4,Evocation,Action,30 ft,1 minute,true,true,true,true,false,Player's Handbook 2024 (BR)
Otto's Irresistible Dance,https://www.aidedd.org/spell/otto-s-irresistible-dance,6,Enchantment,Action,30 ft,1 minute,true,false,false,true,false,Player's Handbook 2024 (BR)
Pass without Trace,https://www.aidedd.org/spell/pass-without-trace,2,Abjuration,Action,Self,1 hour,true,true,true,true,false,Player's Handbook 2024 (BR)
Passwall,https://www.aidedd.org/spell/passwall,5,Transmutation,Action,30 ft,1 hour,true,true,true,false,false,Player's Handbook 2024 (BR)
Phantasmal Force,https://www.aidedd.org/spell/phantasmal-force,2,Illusion,Action,60 ft,1 minute,true,true,true,true,false,Player's Handbook 2024 (BR)
Phantasmal Killer,https://www.aidedd.org/spell/phantasmal-killer,4,Illusion,Action,120 ft,1 minute,true,true,false,true,false,Player's Handbook 2024 (BR)
Phantom Steed,https://www.aidedd.org/spell/phantom-steed,3,Illusion,1 minute or Ritual,30 ft,1 hour,true,true,false,false,true,Player's Handbook 2024 (BR)
Planar Ally,https://www.aidedd.org/spell/planar-ally,6,Conjuration,10 minutes,60 ft,Instantaneous,true,true,false,false,false,Player's Handbook 2024 (BR)
Planar Binding,https://www.aidedd.org/spell/planar-binding,5,Abjuration,1 hour,60 ft,24 hours,true,true,true,false,false,Player's Handbook 2024 (BR)
Plane Shift,https://www.aidedd.org/spell/plane-shift,7,Conjuration,Action,Touch,Instantaneous,true,true,true,false,false,Player's Handbook 2024 (BR)
Plant Growth,https://www.aidedd.org/spell/plant-growth,3,Transmutation,Action or 8 hours,150 ft,Instantaneous,true,true,false,false,false,Player's Handbook 2024 (BR)
Poison Spray,https://www.aidedd.org/spell/poison-spray,0,Necromancy,Action,30 ft,Instantaneous,true,true,false,false,false,Player's Handbook 2024 (BR)
Polymorph,https://www.aidedd.org/spell/polymorph,4,Transmutation,Action,60 ft,1 hour,true,true,true,true,false,Player's Handbook 2024 (BR)
Power Word Fortify,https://www.aidedd.org/spell/power-word-fortify,7,Enchantment,Action,60 ft,Instantaneous,true,false,false,false,false,Player's Handbook 2024
Power Word Heal,https://www.aidedd.org/spell/power-word-heal,9,Enchantment,Action,60 ft,Instantaneous,true,false,false,false,false,Player's Handbook 2024 (BR)
Power Word Kill,https://www.aidedd.org/spell/power-word-kill,9,Enchantment,Action,60 ft,Instantaneous,true,false,false,false,false,Player's Handbook 2024 (BR)
Power Word Stun,https://www.aidedd.org/spell/power-word-stun,8,Enchantment,Action,60 ft,Instantaneous,true,false,false,false,false,Player's Handbook 2024 (BR)
Prayer of Healing,https://www.aidedd.org/spell/prayer-of-healing,2,Abjuration,10 minutes,30 ft,Instantaneous,true,false,false,false,false,Player's Handbook 2024 (BR)
Prestidigitation,https://www.aidedd.org/spell/prestidigitation,0,Transmutation,Action,10 ft,1 hour,true,true,false,false,false,Player's Handbook 2024 (BR)
Prismatic Spray,https://www.aidedd.org/spell/prismatic-spray,7,Evocation,Action,Self,Instantaneous,true,true,false,false,false,Player's Handbook 2024 (BR)
Prismatic Wall,https://www.aidedd.org/spell/prismatic-wall,9,Abjuration,Action,60 ft,10 minutes,true,true,false,false,false,Player's Handbook 2024 (BR)
Produce Flame,https://www.aidedd.org/spell/produce-flame,0,Conjuration,Bonus Action,Self,10 minutes,true,true,false,false,false,Player's Handbook 2024 (BR)
Programmed Illusion,https://www.aidedd.org/spell/programmed-illusion,6,Illusion,Action,120 ft,Dispelled,true,true,true,false,false,Player's Handbook 2024 (BR)
Project Image,https://www.aidedd.org/spell/project-image,7,Illusion,Action,500 miles,1 day,true,true,true,true,false,Player's Handbook 2024 (BR)
Protection from Energy,https://www.aidedd.org/spell/protection-from-energy,3,Abjuration,Action,Touch,1 hour,true,true,false,true,false,Player's Handbook 2024 (BR)
Protection from Evil and Good,https://www.aidedd.org/spell/protection-from-evil-and-good,1,Abjuration,Action,Touch,10 minutes,true,true,true,true,false,Player's Handbook 2024 (BR)
Protection from Poison,https://www.aidedd.org/spell/protection-from-poison,2,Abjuration,Action,Touch,1 hour,true,true,false,false,false,Player's Handbook 2024 (BR)
Purify Food and Drink,https://www.aidedd.org/spell/purify-food-and-drink,1,Transmutation,Action or Ritual,10 ft,Instantaneous,true,true,false,false,true,Player's Handbook 2024 (BR)
Raise Dead,https://www.aidedd.org/spell/raise-dead,5,Necromancy,1 hour,Touch,Instantaneous,true,true,true,false,false,Player's Handbook 2024 (BR)
Rary's Telepathic Bond,https://www.aidedd.org/spell/rary-s-telepathic-bond,5,Divination,Action or Ritual,30 ft,1 hour,true,true,true,false,true,Player's Handbook 2024 (BR)
Ray of Enfeeblement,https://www.aidedd.org/spell/ray-of-enfeeblement,2,Necromancy,Action,60 ft,1 minute,true,true,false,true,false,Player's Handbook 2024 (BR)
Ray of Frost,https://www.aidedd.org/spell/ray-of-frost,0,Evocation,Action,60 ft,Instantaneous,true,true,false,false,false,Player's Handbook 2024 (BR)
Ray of Sickness,https://www.aidedd.org/spell/ray-of-sickness,1,Necromancy,Action,60 ft,Instantaneous,true,true,false,false,false,Player's Handbook 2024 (BR)
Regenerate,https://www.aidedd.org/spell/regenerate,7,Transmutation,1 minute,Touch,1 hour,true,true,true,false,false,Player's Handbook 2024 (BR)
Reincarnate,https://www.aidedd.org/spell/reincarnate,5,Necromancy,1 hour,Touch,Instantaneous,true,true,true,false,false,Player's Handbook 2024 (BR)
Remove Curse,https://www.aidedd.org/spell/remove-curse,3,Abjuration,Action,Touch,Instantaneous,true,true,false,false,false,Player's Handbook 2024 (BR)
Resistance,https://www.aidedd.org/spell/resistance,0,Abjuration,Action,Touch,1 minute,true,true,false,true,false,Player's Handbook 2024 (BR)
Resurrection,https://www.aidedd.org/spell/resurrection,7,Necromancy,1 hour,Touch,Instantaneous,true,true,true,false,false,Player's Handbook 2024 (BR)
Reverse Gravity,https://www.aidedd.org/spell/reverse-gravity,7,Transmutation,Action,100 ft,1 minute,true,true,true,true,false,Player's Handbook 2024 (BR)
Revivify,https://www.aidedd.org/spell/revivify,3,Necromancy,Action,Touch,Instantaneous,true,true,true,false,false,Player's Handbook 2024 (BR)
Rope Trick,https://www.aidedd.org/spell/rope-trick,2,Transmutation,Action,Touch,1 hour,true,true,true,false,false,Player's Handbook 2024 (BR)
Sacred Flame,https://www.aidedd.org/spell/sacred-flame,0,Evocation,Action,60 ft,Instantaneous,true,true,false,false,false,Player's Handbook 2024 (BR)
Sanctuary,https://www.aidedd.org/spell/sanctuary,1,Abjuration,Bonus Action,30 ft,1 minute,true,true,true,false,false,Player's Handbook 2024 (BR)
Scorching Ray,https://www.aidedd.org/spell/scorching-ray,2,Evocation,Action,120 ft,Instantaneous,true,true,false,false,false,Player's Handbook 2024 (BR)
Scrying,https://www.aidedd.org/spell/scrying,5,Divination,10 minutes,Self,10 minutes,true,true,true,true,false,Player's Handbook 2024 (BR)
Searing Smite,https://www.aidedd.org/spell/searing-smite,1,Evocation,Bonus Action,Self,1 minute,true,false,false,false,false,Player's Handbook 2024 (BR)
See Invisibility,https://www.aidedd.org/spell/see-invisibility,2,Divination,Action,Self,1 hour,true,true,true,false,false,Player's Handbook 2024 (BR)
Seeming,https://www.aidedd.org/spell/seeming,5,Illusion,Action,30 ft,8 hours,true,true,false,false,false,Player's Handbook 2024 (BR)
Sending,https://www.aidedd.org/spell/sending,3,Divination,Action,Unlimited,Instantaneous,true,true,true,false,false,Player's Handbook 2024 (BR)
Sequester,https://www.aidedd.org/spell/sequester,7,Transmutation,Action,Touch,Dispelled,true,true,true,false,false,Player's Handbook 2024 (BR)
Shapechange,https://www.aidedd.org/spell/shapechange,9,Transmutation,Action,Self,1 hour,true,true,true,true,false,Player's Handbook 2024 (BR)
Shatter,https://www.aidedd.org/spell/shatter,2,Evocation,Action,60 ft,Instantaneous,true,true,true,false,false,Player's Handbook 2024 (BR)
Shield,https://www.aidedd.org/spell/shield,1,Abjuration,Reaction,Self,1 round,true,true,false,false,false,Player's Handbook 2024 (BR)
Shield of Faith,https://www.aidedd.org/spell/shield-of-faith,1,Abjuration,Bonus Action,60 ft,10 minutes,true,true,true,true,false,Player's Handbook 2024 (BR)
Shillelagh,https://www.aidedd.org/spell/shillelagh,0,Transmutation,Bonus Action,Self,1 minute,true,true,true,false,false,Player's Handbook 2024 (BR)
Shining Smite,https://www.aidedd.org/spell/shining-smite,2,Transmutation,Bonus Action,Self,1 minute,true,false,false,true,false,Player's Handbook 2024 (BR)
Shocking Grasp,https://www.aidedd.org/spell/shocking-grasp,0,Evocation,Action,Touch,Instantaneous,true,true,false,false,false,Player's Handbook 2024 (BR)
Silence,https://www.aidedd.org/spell/silence,2,Illusion,Action or Ritual,120 ft,10 minutes,true,true,false,true,true,Player's Handbook 2024 (BR)
Silent Image,https://www.aidedd.org/spell/silent-image,1,Illusion,Action,60 ft,10 minutes,true,true,true,true,false,Player's Handbook 2024 (BR)
Simulacrum,https://www.aidedd.org/spell/simulacrum,7,Illusion,12 hours,Touch,Dispelled,true,true,true,false,false,Player's Handbook 2024 (BR)
Sleep,https://www.aidedd.org/spell/sleep,1,Enchantment,Action,60 ft,1 minute,true,true,true,true,false,Player's Handbook 2024 (BR)
Sleet Storm,https://www.aidedd.org/spell/sleet-storm,3,Conjuration,Action,150 ft,1 minute,true,true,true,true,false,Player's Handbook 2024 (BR)
Slow,https://www.aidedd.org/spell/slow,3,Transmutation,Action,120 ft,1 minute,true,true,true,true,false,Player's Handbook 2024 (BR)
Sorcerous Burst,https://www.aidedd.org/spell/sorcerous-burst,0,Evocation,Action,120 ft,Instantaneous,true,true,false,false,false,Player's Handbook 2024 (BR)
Spare the Dying,https://www.aidedd.org/spell/spare-the-dying,0,Necromancy,Action,15 ft,Instantaneous,true,true,false,false,false,Player's Handbook 2024 (BR)
Speak with Animals,https://www.aidedd.org/spell/speak-with-animals,1,Divination,Action or Ritual,Self,10 minutes,true,true,false,false,true,Player's Handbook 2024 (BR)
Speak with Dead,https://www.aidedd.org/spell/speak-with-dead,3,Necromancy,Action,10 ft,10 minutes,true,true,true,false,false,Player's Handbook 2024 (BR)
Speak with Plants,https://www.aidedd.org/spell/speak-with-plants,3,Transmutation,Action,Self,10 minutes,true,true,false,false,false,Player's Handbook 2024 (BR)
Spider Climb,https://www.aidedd.org/spell/spider-climb,2,Transmutation,Action,Touch,1 hour,true,true,true,true,false,Player's Handbook 2024 (BR)
Spike Growth,https://www.aidedd.org/spell/spike-growth,2,Transmutation,Action,150 ft,10 minutes,true,true,true,true,false,Player's Handbook 2024 (BR)
Spirit Guardians,https://www.aidedd.org/spell/spirit-guardians,3,Conjuration,Action,Self,10 minutes,true,true,true,true,false,Player's Handbook 2024 (BR)
Spiritual Weapon,https://www.aidedd.org/spell/spiritual-weapon,2,Evocation,Bonus Action,60 ft,1 minute,true,true,false,true,false,Player's Handbook 2024 (BR)
Staggering Smite,https://www.aidedd.org/spell/staggering-smite,4,Enchantment,Bonus Action,Self,Instantaneous,true,false,false,false,false,Player's Handbook 2024
Starry Wisp,https://www.aidedd.org/spell/starry-wisp,0,Evocation,Action,60 ft,Instantaneous,true,true,false,false,false,Player's Handbook 2024 (BR)
Steel Wind Strike,https://www.aidedd.org/spell/steel-wind-strike,5,Conjuration,Action,30 ft,Instantaneous,false,true,true,false,false,Player's Handbook 2024
Stinking Cloud,https://www.aidedd.org/spell/stinking-cloud,3,Conjuration,Action,90 ft,1 minute,true,true,true,true,false,Player's Handbook 2024 (BR)
Stone Shape,https://www.aidedd.org/spell/stone-shape,4,Transmutation,Action,Touch,Instantaneous,true,true,true,false,false,Player's Handbook 2024 (BR)
Stoneskin,https://www.aidedd.org/spell/stoneskin,4,Transmutation,Action,Touch,1 hour,true,true,true,true,false,Player's Handbook 2024 (BR)
Storm of Vengeance,https://www.aidedd.org/spell/storm-of-vengeance,9,Conjuration,Action,1 mile,1 minute,true,true,false,true,false,Player's Handbook 2024 (BR)
Suggestion,https://www.aidedd.org/spell/suggestion,2,Enchantment,Action,30 ft,8 hours,true,false,true,true,false,Player's Handbook 2024 (BR)
Summon Aberration,https://www.aidedd.org/spell/summon-aberration,4,Conjuration,Action,90 ft,1 hour,true,true,true,true,false,Player's Handbook 2024
Summon Beast,https://www.aidedd.org/spell/summon-beast,2,Conjuration,Action,90 ft,1 hour,true,true,true,true,false,Player's Handbook 2024
Summon Celestial,https://www.aidedd.org/spell/summon-celestial,5,Conjuration,Action,90 ft,1 hour,true,true,true,true,false,Player's Handbook 2024
Summon Construct,https://www.aidedd.org/spell/summon-construct,4,Conjuration,Action,90 ft,1 hour,true,true,true,true,false,Player's Handbook 2024
Summon Dragon,https://www.aidedd.org/spell/summon-dragon,5,Conjuration,Action,60 ft,1 hour,true,true,true,true,false,Player's Handbook 2024 (BR)
Summon Elemental,https://www.aidedd.org/spell/summon-elemental,4,Conjuration,Action,90 ft,1 hour,true,true,true,true,false,Player's Handbook 2024
Summon Fey,https://www.aidedd.org/spell/summon-fey,3,Conjuration,Action,90 ft,1 hour,true,true,true,true,false,Player's Handbook 2024
Summon Fiend,https://www.aidedd.org/spell/summon-fiend,6,Conjuration,Action,90 ft,1 hour,true,true,true,true,false,Player's Handbook 2024
Summon Undead,https://www.aidedd.org/spell/summon-undead,3,Necromancy,Action,90 ft,1 hour,true,true,true,true,false,Player's Handbook 2024
Sunbeam,https://www.aidedd.org/spell/sunbeam,6,Evocation,Action,Self,1 minute,true,true,true,true,false,Player's Handbook 2024 (BR)
Sunburst,https://www.aidedd.org/spell/sunburst,8,Evocation,Action,150 ft,Instantaneous,true,true,true,false,false,Player's Handbook 2024 (BR)
Swift Quiver,https://www.aidedd.org/spell/swift-quiver,5,Transmutation,Bonus Action,Self,1 minute,true,true,true,true,false,Player's Handbook 2024
Symbol,https://www.aidedd.org/spell/symbol,7,Abjuration,1 minute,Touch,Dispelled/Triggered,true,true,true,false,false,Player's Handbook 2024 (BR)
Synaptic Static,https://www.aidedd.org/spell/synaptic-static,5,Enchantment,Action,120 ft,Instantaneous,true,true,false,false,false,Player's Handbook 2024
Tasha's Bubbling Cauldron,https://www.aidedd.org/spell/tasha-s-bubbling-cauldron,6,Conjuration,Action,5 ft,10 minutes,true,true,true,false,false,Player's Handbook 2024
Tasha's Hideous Laughter,https://www.aidedd.org/spell/tasha-s-hideous-laughter,1,Enchantment,Action,30 ft,1 minute,true,true,true,true,false,Player's Handbook 2024 (BR)
Telekinesis,https://www.aidedd.org/spell/telekinesis,5,Transmutation,Action,60 ft,10 minutes,true,true,false,true,false,Player's Handbook 2024 (BR)
Telepathy,https://www.aidedd.org/spell/telepathy,8,Divination,Action,Unlimited,24 hours,true,true,true,false,false,Player's Handbook 2024
Teleport,https://www.aidedd.org/spell/teleport,7,Conjuration,Action,10 ft,Instantaneous,true,false,false,false,false,Player's Handbook 2024 (BR)
Teleportation Circle,https://www.aidedd.org/spell/teleportation-circle,5,Conjuration,1 minute,10 ft,1 round,true,false,true,false,false,Player's Handbook 2024 (BR)
Tenser's Floating Disk,https://www.aidedd.org/spell/tenser-s-floating-disk,1,Conjuration,Action or Ritual,30 ft,1 hour,true,true,true,false,true,Player's Handbook 2024 (BR)
Thaumaturgy,https://www.aidedd.org/spell/thaumaturgy,0,Transmutation,Action,30 ft,1 minute,true,false,false,false,false,Player's Handbook 2024 (BR)
Thorn Whip,https://www.aidedd.org/spell/thorn-whip,0,Transmutation,Action,30 ft,Instantaneous,true,true,true,false,false,Player's Handbook 2024
Thunderclap,https://www.aidedd.org/spell/thunderclap,0,Evocation,Action,Self,Instantaneous,false,true,false,false,false,Player's Handbook 2024
Thunderous Smite,https://www.aidedd.org/spell/thunderous-smite,1,Evocation,Bonus Action,Self,Instantaneous,true,false,false,false,false,Player's Handbook 2024
Thunderwave,https://www.aidedd.org/spell/thunderwave,1,Evocation,Action,Self,Instantaneous,true,true,false,false,false,Player's Handbook 2024 (BR)
Time Stop,https://www.aidedd.org/spell/time-stop,9,Transmutation,Action,Self,Instantaneous,true,false,false,false,false,Player's Handbook 2024 (BR)
Toll the Dead,https://www.aidedd.org/spell/toll-the-dead,0,Necromancy,Action,60 ft,Instantaneous,true,true,false,false,false,Player's Handbook 2024
Tongues,https://www.aidedd.org/spell/tongues,3,Divination,Action,Touch,1 hour,true,false,true,false,false,Player's Handbook 2024 (BR)
Transport via Plants,https://www.aidedd.org/spell/transport-via-plants,6,Conjuration,Action,10 ft,1 minute,true,true,false,false,false,Player's Handbook 2024 (BR)
Tree Stride,https://www.aidedd.org/spell/tree-stride,5,Conjuration,Action,Self,1 minute,true,true,false,true,false,Player's Handbook 2024 (BR)
True Polymorph,https://www.aidedd.org/spell/true-polymorph,9,Transmutation,Action,30 ft,1 hour,true,true,true,true,false,Player's Handbook 2024 (BR)
True Resurrection,https://www.aidedd.org/spell/true-resurrection,9,Necromancy,1 hour,Touch,Instantaneous,true,true,true,false,false,Player's Handbook 2024 (BR)
True Seeing,https://www.aidedd.org/spell/true-seeing,6,Divination,Action,Touch,1 hour,true,true,true,false,false,Player's Handbook 2024 (BR)
True Strike,https://www.aidedd.org/spell/true-strike,0,Divination,Action,Self,Instantaneous,false,true,true,false,false,Player's Handbook 2024 (BR)
Tsunami,https://www.aidedd.org/spell/tsunami,8,Conjuration,1 minute,1 mile,6 rounds,true,true,false,true,false,Player's Handbook 2024 (BR)
Unseen Servant,https://www.aidedd.org/spell/unseen-servant,1,Conjuration,Action or Ritual,60 ft,1 hour,true,true,true,false,true,Player's Handbook 2024 (BR)
Vampiric Touch,https://www.aidedd.org/spell/vampiric-touch,3,Necromancy,Action,Self,1 minute,true,true,false,true,false,Player's Handbook 2024 (BR)
Vicious Mockery,https://www.aidedd.org/spell/vicious-mockery,0,Enchantment,Action,60 ft,Instantaneous,true,false,false,false,false,Player's Handbook 2024 (BR)
Vitriolic Sphere,https://www.aidedd.org/spell/vitriolic-sphere,4,Evocation,Action,150 ft,Instantaneous,true,true,true,false,false,Player's Handbook 2024 (BR)
Wall of Fire,https://www.aidedd.org/spell/wall-of-fire,4,Evocation,Action,120 ft,1 minute,true,true,true,true,false,Player's Handbook 2024 (BR)
Wall of Force,https://www.aidedd.org/spell/wall-of-force,5,Evocation,Action,120 ft,10 minutes,true,true,true,true,false,Player's Handbook 2024 (BR)
Wall of Ice,https://www.aidedd.org/spell/wall-of-ice,6,Evocation,Action,120 ft,10 minutes,true,true,true,true,false,Player's Handbook 2024 (BR)
Wall of Stone,https://www.aidedd.org/spell/wall-of-stone,5,Evocation,Action,120 ft,10 minutes,true,true,true,true,false,Player's Handbook 2024 (BR)
Wall of Thorns,https://www.aidedd.org/spell/wall-of-thorns,6,Conjuration,Action,120 ft,10 minutes,true,true,true,true,false,Player's Handbook 2024 (BR)
Warding Bond,https://www.aidedd.org/spell/warding-bond,2,Abjuration,Action,Touch,1 hour,true,true,true,false,false,Player's Handbook 2024 (BR)
Water Breathing,https://www.aidedd.org/spell/water-breathing,3,Transmutation,Action or Ritual,30 ft,24 hours,true,true,true,false,true,Player's Handbook 2024 (BR)
Water Walk,https://www.aidedd.org/spell/water-walk,3,Transmutation,Action or Ritual,30 ft,1 hour,true,true,true,false,true,Player's Handbook 2024 (BR)
Web,https://www.aidedd.org/spell/web,2,Conjuration,Action,60 ft,1 hour,true,true,true,true,false,Player's Handbook 2024 (BR)
Weird,https://www.aidedd.org/spell/weird,9,Illusion,Action,120 ft,1 minute,true,true,false,true,false,Player's Handbook 2024 (BR)
Wind Walk,https://www.aidedd.org/spell/wind-walk,6,Transmutation,1 minute,30 ft,8 hours,true,true,true,false,false,Player's Handbook 2024 (BR)
Wind Wall,https://www.aidedd.org/spell/wind-wall,3,Evocation,Action,120 ft,1 minute,true,true,true,true,false,Player's Handbook 2024 (BR)
Wish,https://www.aidedd.org/spell/wish,9,Conjuration,Action,Self,Instantaneous,true,false,false,false,false,Player's Handbook 2024 (BR)
Witch Bolt,https://www.aidedd.org/spell/witch-bolt,1,Evocation,Action,60 ft,1 minute,true,true,true,true,false,Player's Handbook 2024
Word of Radiance,https://www.aidedd.org/spell/word-of-radiance,0,Evocation,Action,Self,Instantaneous,true,false,true,false,false,Player's Handbook 2024
Word of Recall,https://www.aidedd.org/spell/word-of-recall,6,Conjuration,Action,5 ft,Instantaneous,true,false,false,false,false,Player's Handbook 2024 (BR)
Wrathful Smite,https://www.aidedd.org/spell/wrathful-smite,1,Necromancy,Bonus Action,Self,1 minute,true,false,false,false,false,Player's Handbook 2024
Yolande's Regal Presence,https://www.aidedd.org/spell/yolande-s-regal-presence,5,Enchantment,Action,Self,1 minute,true,true,true,true,false,Player's Handbook 2024
Zone of Truth,https://www.aidedd.org/spell/zone-of-truth,2,Enchantment,Action,60 ft,10 minutes,true,true,false,false,false,Player's Handbook 2024 (BR)
